Dataset,Model,Seed,AUC,Acc,F1
HIGGS,Heavy (ReLU),42,0.8322319621233674,0.75005,0.7663734846289736
HIGGS,Heavy (ReLU),43,0.8333717417787792,0.7507,0.764103631649666
HIGGS,Heavy (ReLU),44,0.8340430402481687,0.75161,0.7658972884838318
HIGGS,Heavy (ReLU),45,0.8349075351179895,0.75231,0.7676083427938789
HIGGS,Heavy (ReLU),46,0.8339310559914956,0.75233,0.7666418550309517
HIGGS,Heavy (ReLU),47,0.8346025585394816,0.75162,0.7645821090743654
HIGGS,Heavy (ReLU),48,0.8346371056583303,0.75329,0.7685104386582219
HIGGS,Heavy (ReLU),49,0.8336818371653015,0.75063,0.7626697629267272
HIGGS,Heavy (ReLU),50,0.832396533138817,0.75099,0.7670779275445013
HIGGS,Heavy (ReLU),51,0.8344300396252644,0.75188,0.7679994015783371
HIGGS,ReLU,42,0.8144328280317816,0.73405,0.749569196869968
HIGGS,ReLU,43,0.816018998544613,0.73509,0.7524275020326533
HIGGS,ReLU,44,0.8165593545903579,0.73567,0.7531540954213087
HIGGS,ReLU,45,0.8175705520833447,0.7364,0.7463042808746535
HIGGS,ReLU,46,0.8159865451478217,0.73716,0.7505173035670216
HIGGS,ReLU,47,0.8154278228404659,0.73423,0.7514193518215405
HIGGS,ReLU,48,0.8139876296590326,0.73472,0.754088026993956
HIGGS,ReLU,49,0.8141117510046743,0.73423,0.7520686599188395
HIGGS,ReLU,50,0.8155189881270901,0.736,0.7525123743812809
HIGGS,ReLU,51,0.8172581292263303,0.73705,0.7530730873611359
HIGGS,GELU,42,0.81986842789629,0.7393,0.7555326331582896
HIGGS,GELU,43,0.8205966483840229,0.73941,0.7590320224147656
HIGGS,GELU,44,0.8190244987415969,0.73857,0.7554512034274061
HIGGS,GELU,45,0.8222242913668428,0.7405,0.7525790888808375
HIGGS,GELU,46,0.8219022664698782,0.74137,0.7564161729941513
HIGGS,GELU,47,0.8210261814212862,0.73954,0.7567385822359204
HIGGS,GELU,48,0.8207196588089842,0.73953,0.7580332011110389
HIGGS,GELU,49,0.8212457555260805,0.74001,0.758128587509652
HIGGS,GELU,50,0.8202604259588109,0.7398,0.7567542301579883
HIGGS,GELU,51,0.8220840250438677,0.74138,0.761001755845116
HIGGS,SiLU,42,0.8165189976297329,0.7371,0.7551731202622414
HIGGS,SiLU,43,0.8183336892274892,0.73785,0.7576880771257175
HIGGS,SiLU,44,0.8162869099312213,0.73677,0.7538411184364333
HIGGS,SiLU,45,0.8201952740653672,0.73963,0.7520828770840673
HIGGS,SiLU,46,0.8189621185067285,0.73842,0.7541402710679174
HIGGS,SiLU,47,0.8204713487507942,0.73992,0.7554903730445247
HIGGS,SiLU,48,0.819162826513995,0.73878,0.7590354777410845
HIGGS,SiLU,49,0.818651146382269,0.73823,0.7581600317809333
HIGGS,SiLU,50,0.8182858051583469,0.73834,0.756812520911558
HIGGS,SiLU,51,0.8191097742288815,0.73837,0.7588463559189241
HIGGS,PReLU,42,0.8145859088596855,0.73475,0.7526276031223479
HIGGS,PReLU,43,0.8167708392675344,0.73685,0.7535056249238926
HIGGS,PReLU,44,0.8167566257246484,0.73616,0.754169539533757
HIGGS,PReLU,45,0.8187987681651788,0.73872,0.7511239807970739
HIGGS,PReLU,46,0.8162895003880186,0.73572,0.7494026171060117
HIGGS,PReLU,47,0.8168359949618806,0.73684,0.7510971549636803
HIGGS,PReLU,48,0.815294214022424,0.73509,0.7550055951687337
HIGGS,PReLU,49,0.8148307217582629,0.73487,0.7524578684468513
HIGGS,PReLU,50,0.8170152476324773,0.73677,0.7529493472486837
HIGGS,PReLU,51,0.8141768301165502,0.73438,0.7519610040340654
HIGGS,Mish,42,0.8177231865204482,0.73742,0.7544420753375978
HIGGS,Mish,43,0.8194970167775104,0.73872,0.7567180021974338
HIGGS,Mish,44,0.8195686406246312,0.73962,0.7572123902056953
HIGGS,Mish,45,0.8205421822383707,0.73886,0.7503393946346967
HIGGS,Mish,46,0.820363822116438,0.74021,0.7548619039980373
HIGGS,Mish,47,0.8200599394135684,0.74022,0.7560613743497286
HIGGS,Mish,48,0.8192784011113493,0.73941,0.7571456529640365
HIGGS,Mish,49,0.8196741442723172,0.73851,0.756656150832426
HIGGS,Mish,50,0.8194370663611021,0.73948,0.7590143007788652
HIGGS,Mish,51,0.8187088452740405,0.73849,0.7587657395876574
HIGGS,Tanh,42,0.8082539129609329,0.73033,0.7473083518398785
HIGGS,Tanh,43,0.8093538914199689,0.73015,0.7446174229877442
HIGGS,Tanh,44,0.8121796780506002,0.73305,0.7473858528507216
HIGGS,Tanh,45,0.8137649302395729,0.734,0.7496611956030719
HIGGS,Tanh,46,0.8120468912789702,0.73279,0.7470632223621063
HIGGS,Tanh,47,0.8112761351407578,0.73194,0.7468361603263949
HIGGS,Tanh,48,0.8112077381085201,0.73135,0.7483490234649431
HIGGS,Tanh,49,0.8102589764841875,0.7316,0.7442689178116128
HIGGS,Tanh,50,0.809386990122231,0.73072,0.7476714331228097
HIGGS,Tanh,51,0.8105955110601002,0.7315,0.7457723407881531
HIGGS,Sigmoid,42,0.8109947906000499,0.73208,0.751829415142926
HIGGS,Sigmoid,43,0.8112372871950411,0.73151,0.750920746245118
HIGGS,Sigmoid,44,0.8132339144861627,0.73273,0.7535432707824242
HIGGS,Sigmoid,45,0.8143090610527557,0.73345,0.7459517160530303
HIGGS,Sigmoid,46,0.8126250060939243,0.73294,0.7519228625571285
HIGGS,Sigmoid,47,0.8131522911638691,0.73217,0.7512237713521396
HIGGS,Sigmoid,48,0.8129557235760775,0.73281,0.7531572480437534
HIGGS,Sigmoid,49,0.8120807914365673,0.7325,0.7507175606664928
HIGGS,Sigmoid,50,0.8114140643728838,0.73117,0.7506145811107916
HIGGS,Sigmoid,51,0.8119463054063222,0.73225,0.7520075578649031
HIGGS,PAU,42,0.5438067097149505,0.53509,0.6887173341010894
HIGGS,PAU,43,0.59028004964428,0.55752,0.6831416581928591
HIGGS,PAU,44,0.5988386961653178,0.57814,0.6769930476861352
HIGGS,PAU,45,0.5992735449416292,0.57582,0.6857879375990755
HIGGS,PAU,46,0.6550514001829797,0.61597,0.6824755053950142
HIGGS,PAU,47,0.5591257511668953,0.55018,0.6929723974117454
HIGGS,PAU,48,0.5693818046950705,0.56313,0.6874074286082271
HIGGS,PAU,49,0.5245290214141394,0.53208,0.6878077420904445
HIGGS,PAU,50,0.6661192365438843,0.62336,0.6729533534785176
HIGGS,PAU,51,0.5626014441671962,0.54293,0.6913295109976566
HIGGS,Hybrid (Specialist),42,0.7981768206035783,0.71869,0.7215055786003505
HIGGS,Hybrid (Specialist),43,0.7982816809448374,0.71107,0.6988524436384103
HIGGS,Hybrid (Specialist),44,0.7981590637168954,0.71684,0.7143664131377732
HIGGS,Hybrid (Specialist),45,0.8054836969407244,0.72382,0.7253416074944806
HIGGS,Hybrid (Specialist),46,0.8007066094397213,0.71821,0.7124562495535669
HIGGS,Hybrid (Specialist),47,0.8042196885257638,0.72335,0.7285909095368436
HIGGS,Hybrid (Specialist),48,0.7964835028105255,0.7103,0.6985243615626365
HIGGS,Hybrid (Specialist),49,0.801127334568954,0.7179,0.7115836826500358
HIGGS,Hybrid (Specialist),50,0.7967102456947908,0.71349,0.7085914218004659
HIGGS,Hybrid (Specialist),51,0.799486634804063,0.7154,0.710372058943255
HIGGS,Unbounded Hybrid,42,0.8185654938751012,0.73909,0.7563751809141417
HIGGS,Unbounded Hybrid,43,0.8201142602662355,0.73876,0.7574057909106104
HIGGS,Unbounded Hybrid,44,0.8206440275712321,0.74043,0.7566858203428914
HIGGS,Unbounded Hybrid,45,0.8227748459670505,0.7413,0.7582559291307679
HIGGS,Unbounded Hybrid,46,0.8212843000406266,0.74054,0.7546663136594868
HIGGS,Unbounded Hybrid,47,0.8208620452252431,0.73964,0.7543170966463472
HIGGS,Unbounded Hybrid,48,0.8223072573211738,0.74155,0.7600167138678676
HIGGS,Unbounded Hybrid,49,0.8212017886346488,0.7411,0.7561595840867993
HIGGS,Unbounded Hybrid,50,0.8203347756584962,0.74068,0.7567765292914892
HIGGS,Unbounded Hybrid,51,0.8216511062371574,0.74083,0.7577420289584131
HIGGS,Hybrid (Constrained),42,0.7980981391007989,0.71923,0.7225784777732766
HIGGS,Hybrid (Constrained),43,0.7988975817611959,0.71116,0.6974166649206981
HIGGS,Hybrid (Constrained),44,0.7981909461940357,0.71675,0.7139206754805022
HIGGS,Hybrid (Constrained),45,0.8062256689185688,0.72249,0.7210534251394682
HIGGS,Hybrid (Constrained),46,0.8005257377083292,0.71686,0.7108751148779741
HIGGS,Hybrid (Constrained),47,0.8027751392886253,0.72204,0.726255662792988
HIGGS,Hybrid (Constrained),48,0.7963972447522154,0.71041,0.6987548241462171
HIGGS,Hybrid (Constrained),49,0.7992702298231756,0.71743,0.7125870925087728
HIGGS,Hybrid (Constrained),50,0.7966301360109473,0.71333,0.7084049597705242
HIGGS,Hybrid (Constrained),51,0.8003995031944198,0.71586,0.7110048820179007
FOREST_COVER,Heavy (ReLU),42,0.9475391769047354,0.873,0.8729745949189838
FOREST_COVER,Heavy (ReLU),43,0.9490406787926604,0.87915,0.8798170155636219
FOREST_COVER,Heavy (ReLU),44,0.9502133804212027,0.8788,0.8778472082241484
FOREST_COVER,Heavy (ReLU),45,0.9482481322903363,0.8783,0.878470141801478
FOREST_COVER,Heavy (ReLU),46,0.9483760283038247,0.8769,0.8765543521861211
FOREST_COVER,Heavy (ReLU),47,0.9477489756733536,0.87495,0.8736294275175585
FOREST_COVER,Heavy (ReLU),48,0.9482865972830529,0.87375,0.8739327974437067
FOREST_COVER,Heavy (ReLU),49,0.9462949477036695,0.87115,0.8717846659037763
FOREST_COVER,Heavy (ReLU),50,0.9498594861308566,0.878,0.878896168354179
FOREST_COVER,Heavy (ReLU),51,0.948982491945422,0.87725,0.8773787523100745
FOREST_COVER,ReLU,42,0.9164855887959672,0.83395,0.8326361941238724
FOREST_COVER,ReLU,43,0.9211191124811899,0.8394,0.8406746031746032
FOREST_COVER,ReLU,44,0.9240134861535048,0.84285,0.8432340765125442
FOREST_COVER,ReLU,45,0.9201296266430348,0.83845,0.8408923031466982
FOREST_COVER,ReLU,46,0.9182004807675563,0.8343,0.8378986499706516
FOREST_COVER,ReLU,47,0.918170053374424,0.83775,0.8370247601828135
FOREST_COVER,ReLU,48,0.918833233763373,0.83325,0.8335413027202396
FOREST_COVER,ReLU,49,0.9176344789834949,0.83775,0.8402028857044369
FOREST_COVER,ReLU,50,0.9236236562824978,0.84225,0.8424469413233459
FOREST_COVER,ReLU,51,0.9205992822044957,0.8403,0.8425825529817644
FOREST_COVER,GELU,42,0.9232753159642143,0.84255,0.8406295865175363
FOREST_COVER,GELU,43,0.9233283754515469,0.84365,0.8433445218175442
FOREST_COVER,GELU,44,0.9275873664793369,0.8475,0.8492785135402253
FOREST_COVER,GELU,45,0.9254850336953784,0.84435,0.8466880078798326
FOREST_COVER,GELU,46,0.9179682650495782,0.8384,0.8411949685534591
FOREST_COVER,GELU,47,0.9225745039394097,0.8443,0.8437217705510388
FOREST_COVER,GELU,48,0.9225459866742738,0.8408,0.840208772458095
FOREST_COVER,GELU,49,0.9212222675367577,0.83975,0.8418299363371663
FOREST_COVER,GELU,50,0.9267565584521336,0.84915,0.8504733111959162
FOREST_COVER,GELU,51,0.9247667027518729,0.84565,0.8470646519692842
FOREST_COVER,SiLU,42,0.9152538102956236,0.8338,0.8310632242325676
FOREST_COVER,SiLU,43,0.914597796184489,0.8314,0.830637870416876
FOREST_COVER,SiLU,44,0.9165917556030353,0.8332,0.8338810875410816
FOREST_COVER,SiLU,45,0.9159550144025987,0.8329,0.834259075580242
FOREST_COVER,SiLU,46,0.9143374717370707,0.83415,0.8368340793939693
FOREST_COVER,SiLU,47,0.9129666167557074,0.8304,0.8289460413514876
FOREST_COVER,SiLU,48,0.9132152798988422,0.8293,0.8293
FOREST_COVER,SiLU,49,0.910350687977744,0.82635,0.8296964644731035
FOREST_COVER,SiLU,50,0.9160243548367326,0.83365,0.8368717822995833
FOREST_COVER,SiLU,51,0.9156420068145913,0.83315,0.835656242304851
FOREST_COVER,PReLU,42,0.9188836801697311,0.83705,0.8341053703232375
FOREST_COVER,PReLU,43,0.9182933830299593,0.83575,0.8380257383758197
FOREST_COVER,PReLU,44,0.9232681440922117,0.84035,0.8424221487440162
FOREST_COVER,PReLU,45,0.9186400971143867,0.83825,0.8409616046408731
FOREST_COVER,PReLU,46,0.9192493223442615,0.83425,0.837778321507218
FOREST_COVER,PReLU,47,0.9186462885704905,0.83545,0.8345981806302457
FOREST_COVER,PReLU,48,0.9189112529102603,0.8378,0.8381560566753143
FOREST_COVER,PReLU,49,0.9179657946220665,0.8347,0.8358979450014892
FOREST_COVER,PReLU,50,0.9222388808322612,0.843,0.8440913604766633
FOREST_COVER,PReLU,51,0.9217569337687415,0.84235,0.844977629185309
FOREST_COVER,Mish,42,0.9167984368385389,0.8361,0.8340589247747292
FOREST_COVER,Mish,43,0.9150552466838541,0.8344,0.8340681362725451
FOREST_COVER,Mish,44,0.9195548415048451,0.8388,0.8401428004760015
FOREST_COVER,Mish,45,0.9181995379633902,0.8352,0.8374432826987571
FOREST_COVER,Mish,46,0.916002921285042,0.8345,0.8376018055146698
FOREST_COVER,Mish,47,0.9156098891315567,0.83425,0.8326011210422664
FOREST_COVER,Mish,48,0.9153669545231016,0.8315,0.8323383084577114
FOREST_COVER,Mish,49,0.913652747811055,0.8293,0.831955109273479
FOREST_COVER,Mish,50,0.9186115021292595,0.83735,0.8394452396229208
FOREST_COVER,Mish,51,0.9183153251032324,0.8361,0.8378672470076169
FOREST_COVER,Tanh,42,0.9163182421620573,0.83635,0.835486303091229
FOREST_COVER,Tanh,43,0.9153529207187733,0.83485,0.8351220486197773
FOREST_COVER,Tanh,44,0.9196945890749801,0.83905,0.8393151300354416
FOREST_COVER,Tanh,45,0.9160257384793196,0.83565,0.8351967911757333
FOREST_COVER,Tanh,46,0.9155832585453563,0.8342,0.8345144225970655
FOREST_COVER,Tanh,47,0.9149445232050899,0.83365,0.8315528327679611
FOREST_COVER,Tanh,48,0.9149796051666885,0.8313,0.8313337332533494
FOREST_COVER,Tanh,49,0.9133293568519274,0.832,0.8322348711803476
FOREST_COVER,Tanh,50,0.9187423021819938,0.84025,0.8409735702553383
FOREST_COVER,Tanh,51,0.9178450796578853,0.8375,0.8378890662410216
FOREST_COVER,Sigmoid,42,0.8924659030357799,0.8134,0.8136236516180583
FOREST_COVER,Sigmoid,43,0.8898891452027696,0.8039,0.8039784086365453
FOREST_COVER,Sigmoid,44,0.8924726702739286,0.8098,0.8097619523904781
FOREST_COVER,Sigmoid,45,0.8908082011383133,0.8097,0.810288106868707
FOREST_COVER,Sigmoid,46,0.8890471568004521,0.80755,0.8091057878291921
FOREST_COVER,Sigmoid,47,0.8884727321629676,0.80615,0.8053421700055229
FOREST_COVER,Sigmoid,48,0.8912964168901387,0.8075,0.8088381330685204
FOREST_COVER,Sigmoid,49,0.8889476547006241,0.804,0.8028367367468061
FOREST_COVER,Sigmoid,50,0.8934478744803808,0.81005,0.8120144490078678
FOREST_COVER,Sigmoid,51,0.8901602333861578,0.80565,0.8074312608372554
FOREST_COVER,PAU,42,0.4907781227204112,0.51555,0.010821847881572231
FOREST_COVER,PAU,43,0.5775891271993367,0.51595,0.015057482958591922
FOREST_COVER,PAU,44,0.6448636334372239,0.51575,0.0014434477781214558
FOREST_COVER,PAU,45,0.538993288309141,0.5168,0.0078028747433264885
FOREST_COVER,PAU,46,0.540806686667688,0.5143,0.0018495684340320592
FOREST_COVER,PAU,47,0.4541549032821778,0.5225,0.007689110556940981
FOREST_COVER,PAU,48,0.6288688462322856,0.5111,0.0008174943797261394
FOREST_COVER,PAU,49,0.5748477568519434,0.51295,0.0053099152455835805
FOREST_COVER,PAU,50,0.531108768476702,0.51525,0.011823463459382327
FOREST_COVER,PAU,51,0.5642829566501505,0.51375,0.009169638308711156
FOREST_COVER,Hybrid (Specialist),42,0.9256620143975545,0.84825,0.8473416830139329
FOREST_COVER,Hybrid (Specialist),43,0.9266549729740375,0.8485,0.8486664668864249
FOREST_COVER,Hybrid (Specialist),44,0.9327193448793264,0.85725,0.8576556813082714
FOREST_COVER,Hybrid (Specialist),45,0.9265930425624921,0.84905,0.8494639740713039
FOREST_COVER,Hybrid (Specialist),46,0.9268549013024897,0.8477,0.848457711442786
FOREST_COVER,Hybrid (Specialist),47,0.9266253505099157,0.84765,0.8465219362313
FOREST_COVER,Hybrid (Specialist),48,0.9260650373931625,0.8463,0.8471255221802267
FOREST_COVER,Hybrid (Specialist),49,0.9253648436865485,0.8464,0.8477247942896798
FOREST_COVER,Hybrid (Specialist),50,0.9295176688641789,0.8538,0.8541209339453203
FOREST_COVER,Hybrid (Specialist),51,0.9280228219892186,0.8481,0.848024012006003
FOREST_COVER,Unbounded Hybrid,42,0.924529084790936,0.8476,0.8488245213768475
FOREST_COVER,Unbounded Hybrid,43,0.9242822111753848,0.84505,0.8451506520761505
FOREST_COVER,Unbounded Hybrid,44,0.9281549449069366,0.8516,0.8504484530887836
FOREST_COVER,Unbounded Hybrid,45,0.9253930453530201,0.84685,0.84817843866171
FOREST_COVER,Unbounded Hybrid,46,0.9244515889754469,0.84435,0.844559844210316
FOREST_COVER,Unbounded Hybrid,47,0.9226199572213244,0.84205,0.841168485092262
FOREST_COVER,Unbounded Hybrid,48,0.9265763489488485,0.8472,0.844857345923444
FOREST_COVER,Unbounded Hybrid,49,0.923563049745244,0.84445,0.8464840858623242
FOREST_COVER,Unbounded Hybrid,50,0.9258665647337182,0.85035,0.8523797780517879
FOREST_COVER,Unbounded Hybrid,51,0.9254790806220721,0.8441,0.8462524654832347
FOREST_COVER,Hybrid (Constrained),42,0.9248026504552614,0.849,0.8489395758303321
FOREST_COVER,Hybrid (Constrained),43,0.9262640797411988,0.8506,0.8504953467427199
FOREST_COVER,Hybrid (Constrained),44,0.9324314167391754,0.8527,0.8527736131934033
FOREST_COVER,Hybrid (Constrained),45,0.9259058599681896,0.847,0.8469387755102041
FOREST_COVER,Hybrid (Constrained),46,0.9268618022674078,0.8474,0.8480533705068207
FOREST_COVER,Hybrid (Constrained),47,0.9258120948804078,0.84625,0.8451115700397924
FOREST_COVER,Hybrid (Constrained),48,0.9274963305588213,0.8484,0.8489287493771799
FOREST_COVER,Hybrid (Constrained),49,0.9249617556671038,0.84575,0.8463415848981422
FOREST_COVER,Hybrid (Constrained),50,0.9298903111748416,0.8535,0.8535146485351465
FOREST_COVER,Hybrid (Constrained),51,0.9267535105223934,0.84685,0.8467963787325564
SPAMBASE,Heavy (ReLU),42,0.9866048577912985,0.9413680781758957,0.9296875
SPAMBASE,Heavy (ReLU),43,0.9812768569674647,0.9305103148751357,0.9153439153439153
SPAMBASE,Heavy (ReLU),44,0.9846895786040701,0.9391965255157437,0.9202279202279202
SPAMBASE,Heavy (ReLU),45,0.9836118789285749,0.9381107491856677,0.9220246238030095
SPAMBASE,Heavy (ReLU),46,0.9858949367721297,0.9554831704668838,0.9418439716312057
SPAMBASE,Heavy (ReLU),47,0.9837638053793626,0.9305103148751357,0.9157894736842105
SPAMBASE,Heavy (ReLU),48,0.9768555815465849,0.9359391965255157,0.9232769830949284
SPAMBASE,Heavy (ReLU),49,0.9786285377936921,0.9381107491856677,0.9230769230769231
SPAMBASE,Heavy (ReLU),50,0.987737293942203,0.9478827361563518,0.9300291545189504
SPAMBASE,Heavy (ReLU),51,0.9860640720934839,0.9457111834961998,0.9291784702549575
SPAMBASE,ReLU,42,0.9856390941136705,0.9424538545059717,0.930718954248366
SPAMBASE,ReLU,43,0.9769602541241583,0.9250814332247557,0.9078771695594126
SPAMBASE,ReLU,44,0.9831506061717503,0.9381107491856677,0.919831223628692
SPAMBASE,ReLU,45,0.982028152942681,0.9359391965255157,0.9190672153635117
SPAMBASE,ReLU,46,0.9858099665117209,0.9565689467969598,0.9430199430199431
SPAMBASE,ReLU,47,0.9814082701143284,0.9283387622149837,0.9129287598944591
SPAMBASE,ReLU,48,0.9736525376842963,0.9250814332247557,0.9098039215686274
SPAMBASE,ReLU,49,0.9772894491587777,0.9359391965255157,0.9199457259158752
SPAMBASE,ReLU,50,0.9884275119906493,0.9478827361563518,0.9302325581395349
SPAMBASE,ReLU,51,0.9843310556545851,0.9457111834961998,0.9295774647887324
SPAMBASE,GELU,42,0.9849678883577189,0.9489685124864278,0.9384010484927916
SPAMBASE,GELU,43,0.9780028647431962,0.9239956568946797,0.9066666666666666
SPAMBASE,GELU,44,0.980917733125824,0.9359391965255157,0.9167842031029619
SPAMBASE,GELU,45,0.9806805103335661,0.9348534201954397,0.9178082191780822
SPAMBASE,GELU,46,0.9845054231019144,0.9554831704668838,0.9416785206258891
SPAMBASE,GELU,47,0.9811168636897881,0.9294245385450597,0.9139072847682119
SPAMBASE,GELU,48,0.9727983926543529,0.9239956568946797,0.9081364829396326
SPAMBASE,GELU,49,0.9766370726443322,0.9370249728555917,0.9211956521739131
SPAMBASE,GELU,50,0.9875307323364637,0.9489685124864278,0.9315866084425036
SPAMBASE,GELU,51,0.9837517330164389,0.9391965255157437,0.9209039548022598
SPAMBASE,SiLU,42,0.9840648993191367,0.9457111834961998,0.9347258485639687
SPAMBASE,SiLU,43,0.9766143412552253,0.9250814332247557,0.9076305220883534
SPAMBASE,SiLU,44,0.9785188195759277,0.9359391965255157,0.9163120567375886
SPAMBASE,SiLU,45,0.9793918885686462,0.9337676438653637,0.9165526675786594
SPAMBASE,SiLU,46,0.9842655070725246,0.9554831704668838,0.9416785206258891
SPAMBASE,SiLU,47,0.9789313155057358,0.9250814332247557,0.9083665338645418
SPAMBASE,SiLU,48,0.9716142370446582,0.9239956568946797,0.9083769633507853
SPAMBASE,SiLU,49,0.9743513023004856,0.9391965255157437,0.9237057220708447
SPAMBASE,SiLU,50,0.9859538108097214,0.9478827361563518,0.9300291545189504
SPAMBASE,SiLU,51,0.9823950287185582,0.9391965255157437,0.9209039548022598
SPAMBASE,PReLU,42,0.9847119609831474,0.9413680781758957,0.9295039164490861
SPAMBASE,PReLU,43,0.9745827121517728,0.9218241042345277,0.9037433155080213
SPAMBASE,PReLU,44,0.9795794962281545,0.9402823018458197,0.9222065063649222
SPAMBASE,PReLU,45,0.9806559183151516,0.9315960912052117,0.9138166894664843
SPAMBASE,PReLU,46,0.9843454790823212,0.9543973941368078,0.94
SPAMBASE,PReLU,47,0.9803057824748176,0.9283387622149837,0.9124668435013262
SPAMBASE,PReLU,48,0.9727935395575917,0.9239956568946797,0.9078947368421053
SPAMBASE,PReLU,49,0.9731250306567911,0.9359391965255157,0.9197278911564626
SPAMBASE,PReLU,50,0.986931199871025,0.9478827361563518,0.9300291545189504
SPAMBASE,PReLU,51,0.9832070707070707,0.9457111834961998,0.9295774647887324
SPAMBASE,Mish,42,0.984354628422425,0.9457111834961998,0.9347258485639687
SPAMBASE,Mish,43,0.9774230952868154,0.9239956568946797,0.9064171122994652
SPAMBASE,Mish,44,0.9794308032395246,0.9381107491856677,0.9193776520509194
SPAMBASE,Mish,45,0.980139485928447,0.9359391965255157,0.9192886456908345
SPAMBASE,Mish,46,0.9846703653721197,0.9565689467969598,0.9430199430199431
SPAMBASE,Mish,47,0.9798880999329764,0.9272529858849077,0.9110225763612217
SPAMBASE,Mish,48,0.9722888174944431,0.9250814332247557,0.90956749672346
SPAMBASE,Mish,49,0.9751017805464267,0.9402823018458197,0.9251700680272109
SPAMBASE,Mish,50,0.9862409818225787,0.9500542888165038,0.9329446064139941
SPAMBASE,Mish,51,0.9829198851257674,0.9402823018458197,0.9222065063649222
SPAMBASE,Tanh,42,0.9801004394224734,0.9359391965255157,0.9234760051880675
SPAMBASE,Tanh,43,0.9763902286922544,0.9218241042345277,0.9042553191489362
SPAMBASE,Tanh,44,0.9793068924156663,0.9381107491856677,0.9200561009817672
SPAMBASE,Tanh,45,0.9793820517612803,0.9250814332247557,0.905608755129959
SPAMBASE,Tanh,46,0.9843654720847703,0.9522258414766558,0.9373219373219374
SPAMBASE,Tanh,47,0.9764446473496585,0.9239956568946797,0.9083769633507853
SPAMBASE,Tanh,48,0.970910538014307,0.9207383279044516,0.9053177691309987
SPAMBASE,Tanh,49,0.9732378476480109,0.9348534201954397,0.9193548387096774
SPAMBASE,Tanh,50,0.9826437870299465,0.9413680781758957,0.9219653179190751
SPAMBASE,Tanh,51,0.9800975440681323,0.9381107491856677,0.9191489361702128
SPAMBASE,Sigmoid,42,0.9711188372205322,0.9142236699239956,0.893387314439946
SPAMBASE,Sigmoid,43,0.9593528018942383,0.9087947882736156,0.8858695652173914
SPAMBASE,Sigmoid,44,0.9602642770051251,0.9066232356134636,0.8753623188405797
SPAMBASE,Sigmoid,45,0.967513943674441,0.9174809989142236,0.8914285714285715
SPAMBASE,Sigmoid,46,0.9762433148398061,0.9391965255157437,0.9178885630498533
SPAMBASE,Sigmoid,47,0.9664154095717297,0.9131378935939196,0.8895027624309392
SPAMBASE,Sigmoid,48,0.958680734176478,0.8946796959826275,0.8654646324549237
SPAMBASE,Sigmoid,49,0.9616520331583852,0.9077090119435396,0.8787446504992867
SPAMBASE,Sigmoid,50,0.9766232719358349,0.9283387622149837,0.9006024096385542
SPAMBASE,Sigmoid,51,0.9713928500693206,0.9131378935939196,0.8830409356725146
SPAMBASE,PAU,42,0.8265512579071901,0.745928338762215,0.7370786516853932
SPAMBASE,PAU,43,0.9598473111364455,0.9131378935939196,0.8910081743869209
SPAMBASE,PAU,44,0.7372545326579367,0.500542888165038,0.5936395759717314
SPAMBASE,PAU,45,0.7258629339261649,0.5960912052117264,0.6211812627291242
SPAMBASE,PAU,46,0.6751786874593892,0.4788273615635179,0.5767195767195767
SPAMBASE,PAU,47,0.7668554332727855,0.5939196525515744,0.6517690875232774
SPAMBASE,PAU,48,0.620432022673668,0.5266015200868621,0.5940409683426443
SPAMBASE,PAU,49,0.8265168980232501,0.5754614549402823,0.6486972147349506
SPAMBASE,PAU,50,0.797866873564145,0.5884907709011944,0.6167846309403437
SPAMBASE,PAU,51,0.8232372747078629,0.744842562432139,0.5869947275922671
SPAMBASE,Hybrid (Specialist),42,0.9828190641749964,0.9435396308360477,0.9322916666666666
SPAMBASE,Hybrid (Specialist),43,0.9818127783136991,0.9283387622149837,0.9126984126984127
SPAMBASE,Hybrid (Specialist),44,0.9857106037926625,0.9402823018458197,0.9228611500701263
SPAMBASE,Hybrid (Specialist),45,0.9823675227968011,0.9348534201954397,0.9173553719008265
SPAMBASE,Hybrid (Specialist),46,0.9837406907582347,0.9554831704668838,0.9416785206258891
SPAMBASE,Hybrid (Specialist),47,0.9834723989548222,0.9337676438653637,0.9194187582562747
SPAMBASE,Hybrid (Specialist),48,0.974516388907762,0.9250814332247557,0.90956749672346
SPAMBASE,Hybrid (Specialist),49,0.9792907244812871,0.9337676438653637,0.9181208053691275
SPAMBASE,Hybrid (Specialist),50,0.9868707428156867,0.9413680781758957,0.9219653179190751
SPAMBASE,Hybrid (Specialist),51,0.9825782333135274,0.9402823018458197,0.922425952045134
SPAMBASE,Unbounded Hybrid,42,0.9840842145926891,0.9435396308360477,0.9321148825065274
SPAMBASE,Unbounded Hybrid,43,0.9780320968166272,0.9239956568946797,0.9071618037135278
SPAMBASE,Unbounded Hybrid,44,0.9808086916008287,0.9413680781758957,0.9235127478753541
SPAMBASE,Unbounded Hybrid,45,0.9807985520219558,0.9370249728555917,0.9203296703296703
SPAMBASE,Unbounded Hybrid,46,0.9841905333133404,0.9511400651465798,0.9359886201991465
SPAMBASE,Unbounded Hybrid,47,0.9808206004915055,0.9283387622149837,0.9122340425531915
SPAMBASE,Unbounded Hybrid,48,0.973943723489959,0.9272529858849077,0.9121887287024901
SPAMBASE,Unbounded Hybrid,49,0.9753323196154412,0.9391965255157437,0.924119241192412
SPAMBASE,Unbounded Hybrid,50,0.9863467816694208,0.9489685124864278,0.9313868613138686
SPAMBASE,Unbounded Hybrid,51,0.9826624083977026,0.9381107491856677,0.919605077574048
MINIBOONE,Heavy (ReLU),42,0.975995150736408,0.92885,0.874393150322182
MINIBOONE,Heavy (ReLU),43,0.9656306076613007,0.91075,0.8406107688186445
MINIBOONE,Heavy (ReLU),44,0.9754514858493963,0.9265,0.8666303756124115
MINIBOONE,Heavy (ReLU),45,0.9752748670599999,0.9244,0.8669716698926623
MINIBOONE,Heavy (ReLU),46,0.9638931370877515,0.9047,0.8309384424339188
MINIBOONE,Heavy (ReLU),47,0.9765078861488196,0.92875,0.8736366054801809
MINIBOONE,Heavy (ReLU),48,0.9757347223606819,0.92735,0.8730671791735826
MINIBOONE,Heavy (ReLU),49,0.9793806506465572,0.9338,0.8804190751445087
MINIBOONE,Heavy (ReLU),50,0.9740644479938139,0.9236,0.8640569395017793
MINIBOONE,Heavy (ReLU),51,0.9750888802923288,0.92385,0.8671840934856545
MINIBOONE,ReLU,42,0.9767269132767051,0.9285,0.8728888888888889
MINIBOONE,ReLU,43,0.9581961440839869,0.9001,0.8214477211796246
MINIBOONE,ReLU,44,0.9772724187137005,0.9309,0.8744777475022707
MINIBOONE,ReLU,45,0.9776700846937323,0.93015,0.873677547698707
MINIBOONE,ReLU,46,0.960031600231696,0.8991,0.8220458553791887
MINIBOONE,ReLU,47,0.9782032370721778,0.9323,0.880049610205528
MINIBOONE,ReLU,48,0.9764035071525186,0.92825,0.8729751261396831
MINIBOONE,ReLU,49,0.9796770309191846,0.93455,0.8831145638003394
MINIBOONE,ReLU,50,0.9795506205058485,0.9331,0.8823632846843679
MINIBOONE,ReLU,51,0.9764943124961376,0.9248,0.8648697214734951
MINIBOONE,GELU,42,0.9675201846652522,0.9134,0.8427455965135282
MINIBOONE,GELU,43,0.958127723586722,0.9,0.8199495858840475
MINIBOONE,GELU,44,0.9663507113108013,0.91055,0.8389883898838988
MINIBOONE,GELU,45,0.9679299804339154,0.91085,0.8401326997220478
MINIBOONE,GELU,46,0.9625918292301135,0.9021,0.8253345227475468
MINIBOONE,GELU,47,0.9684934637717403,0.9152,0.8491371642056573
MINIBOONE,GELU,48,0.9696247373881708,0.9151,0.8551441733492579
MINIBOONE,GELU,49,0.9709246395756935,0.9202,0.8581585495911838
MINIBOONE,GELU,50,0.9683006034225271,0.9156,0.8492049312131499
MINIBOONE,GELU,51,0.969400795989219,0.91365,0.8453755931596383
MINIBOONE,SiLU,42,0.9665382904023725,0.9124,0.8432355046528275
MINIBOONE,SiLU,43,0.9542777064032018,0.89435,0.8083446712018141
MINIBOONE,SiLU,44,0.9660895312088827,0.91115,0.840183469736487
MINIBOONE,SiLU,45,0.9686410176348837,0.91385,0.8457613463432101
MINIBOONE,SiLU,46,0.9569050758449938,0.8941,0.8078388677191073
MINIBOONE,SiLU,47,0.9691724240467507,0.9173,0.8519778056201898
MINIBOONE,SiLU,48,0.9650595807318302,0.9081,0.8344740634005764
MINIBOONE,SiLU,49,0.9681794687608468,0.9148,0.8453720508166969
MINIBOONE,SiLU,50,0.9659247095439217,0.9123,0.8424645230824501
MINIBOONE,SiLU,51,0.9683492905952451,0.9132,0.8456614509246089
MINIBOONE,PReLU,42,0.9779654287914354,0.9325,0.8804886685552408
MINIBOONE,PReLU,43,0.9573336100112398,0.89845,0.8166802057947469
MINIBOONE,PReLU,44,0.9770213457735452,0.92965,0.8724040990296544
MINIBOONE,PReLU,45,0.9788303508139169,0.93255,0.878260084829889
MINIBOONE,PReLU,46,0.9586526243702553,0.8974,0.8173076923076923
MINIBOONE,PReLU,47,0.9776288178801645,0.9306,0.8769939737681673
MINIBOONE,PReLU,48,0.9764403866532269,0.929,0.8760474860335196
MINIBOONE,PReLU,49,0.9791924204184872,0.93255,0.8798004098725831
MINIBOONE,PReLU,50,0.9791567632919136,0.9334,0.8811775200713649
MINIBOONE,PReLU,51,0.9778731308759433,0.92925,0.875099302674552
MINIBOONE,Mish,42,0.9650116286419883,0.91065,0.8382659064168703
MINIBOONE,Mish,43,0.9590641658707424,0.9007,0.8203365297629818
MINIBOONE,Mish,44,0.9677823459165386,0.9129,0.8412032816773017
MINIBOONE,Mish,45,0.9695801802533209,0.91425,0.8460917167728619
MINIBOONE,Mish,46,0.9519427812759728,0.8883,0.7986298900306472
MINIBOONE,Mish,47,0.9726772532786894,0.92225,0.8612721919885806
MINIBOONE,Mish,48,0.966041179750182,0.91005,0.8400177856825256
MINIBOONE,Mish,49,0.9728768399586502,0.9229,0.8582720588235294
MINIBOONE,Mish,50,0.9693885943625236,0.91625,0.851071396816929
MINIBOONE,Mish,51,0.9729086400155627,0.9199,0.8591276820260288
MINIBOONE,Tanh,42,0.9685203957483379,0.91825,0.8534026719268358
MINIBOONE,Tanh,43,0.9706838971915239,0.9199,0.8589788732394367
MINIBOONE,Tanh,44,0.9688032570884016,0.9152,0.8446601941747572
MINIBOONE,Tanh,45,0.9697702620231574,0.9161,0.8469536665450565
MINIBOONE,Tanh,46,0.9714010625617246,0.91815,0.8543464721060593
MINIBOONE,Tanh,47,0.9680733336568166,0.9162,0.8482433900760594
MINIBOONE,Tanh,48,0.9704058160443367,0.91865,0.8545633324394386
MINIBOONE,Tanh,49,0.97333350630301,0.9254,0.8625897955424572
MINIBOONE,Tanh,50,0.9724897866496169,0.92115,0.8561787505699955
MINIBOONE,Tanh,51,0.9691688914012229,0.9156,0.8476534296028881
MINIBOONE,Sigmoid,42,0.9682551733932865,0.9196,0.8542157751586582
MINIBOONE,Sigmoid,43,0.9593953237935834,0.90675,0.8327804178248005
MINIBOONE,Sigmoid,44,0.9658670920901339,0.9135,0.8428130110848628
MINIBOONE,Sigmoid,45,0.9649358405327405,0.91155,0.8437693190850482
MINIBOONE,Sigmoid,46,0.9632620507507421,0.90765,0.8369670756465708
MINIBOONE,Sigmoid,47,0.9687561446268806,0.9179,0.8545100124047492
MINIBOONE,Sigmoid,48,0.9634161506736525,0.9102,0.8410900725535303
MINIBOONE,Sigmoid,49,0.9716037278283924,0.92065,0.8585687550129222
MINIBOONE,Sigmoid,50,0.9694318721101953,0.91695,0.8508842804560554
MINIBOONE,Sigmoid,51,0.96924457098985,0.91655,0.8504614281874384
MINIBOONE,PAU,42,0.6398154652814146,0.7194,0.0
MINIBOONE,PAU,43,0.5458840731341782,0.71795,0.0
MINIBOONE,PAU,44,0.5,0.7253,0.0
MINIBOONE,PAU,45,0.6860798919825899,0.7202,0.0
MINIBOONE,PAU,46,0.6834735838248157,0.71615,0.001407211961301671
MINIBOONE,PAU,47,0.615749803110665,0.7215,0.0
MINIBOONE,PAU,48,0.7421785181985229,0.7165,0.0
MINIBOONE,PAU,49,0.5,0.7261,0.0
MINIBOONE,PAU,50,0.8533483693796367,0.7192,0.0
MINIBOONE,PAU,51,0.7697091483235464,0.7181,0.0
MINIBOONE,Hybrid (Specialist),42,0.9752704536091789,0.92735,0.8719259585720581
MINIBOONE,Hybrid (Specialist),43,0.9748143124865346,0.92595,0.8697793018552713
MINIBOONE,Hybrid (Specialist),44,0.9751589365303369,0.92535,0.8656770130454341
MINIBOONE,Hybrid (Specialist),45,0.9759370982248398,0.92715,0.8694795305921348
MINIBOONE,Hybrid (Specialist),46,0.977589953482668,0.9268,0.8706942236354
MINIBOONE,Hybrid (Specialist),47,0.9730254021456894,0.92365,0.8636485400482186
MINIBOONE,Hybrid (Specialist),48,0.9745813595139019,0.92595,0.8703946792683994
MINIBOONE,Hybrid (Specialist),49,0.9772374922433911,0.93225,0.8770082599618771
MINIBOONE,Hybrid (Specialist),50,0.9772074758496304,0.9283,0.8715744223535733
MINIBOONE,Hybrid (Specialist),51,0.9767299343746325,0.9261,0.867728655808126
MINIBOONE,Unbounded Hybrid,42,0.975344408235183,0.9265,0.871705358701344
MINIBOONE,Unbounded Hybrid,43,0.9625664200125437,0.90605,0.834522236900044
MINIBOONE,Unbounded Hybrid,44,0.9782637738091731,0.93115,0.8748295609490047
MINIBOONE,Unbounded Hybrid,45,0.9782791304297771,0.9315,0.8762420957542909
MINIBOONE,Unbounded Hybrid,46,0.9672474716378713,0.9092,0.8403937423097205
MINIBOONE,Unbounded Hybrid,47,0.9777438908318621,0.9304,0.8757364756293519
MINIBOONE,Unbounded Hybrid,48,0.9769029834673006,0.92795,0.8738068132060601
MINIBOONE,Unbounded Hybrid,49,0.9777478847794681,0.9311,0.8739941477688369
MINIBOONE,Unbounded Hybrid,50,0.9789342158923814,0.933,0.8809312244535277
MINIBOONE,Unbounded Hybrid,51,0.9784380725831473,0.93045,0.8770658418029165
MAGIC_TELESCOPE,Heavy (ReLU),42,0.9320614958381727,0.8759200841219769,0.9082426127527217
MAGIC_TELESCOPE,Heavy (ReLU),43,0.9323279972726468,0.8767087276550999,0.9076589879897617
MAGIC_TELESCOPE,Heavy (ReLU),44,0.9347177802684226,0.8753943217665615,0.9063981042654028
MAGIC_TELESCOPE,Heavy (ReLU),45,0.9285441575889966,0.8664563617245006,0.9014357780364766
MAGIC_TELESCOPE,Heavy (ReLU),46,0.9388196487067818,0.889589905362776,0.9183197199533255
MAGIC_TELESCOPE,Heavy (ReLU),47,0.9366165190669764,0.8843322818086226,0.9139280125195618
MAGIC_TELESCOPE,Heavy (ReLU),48,0.9297721029913368,0.8738170347003155,0.9062133645955451
MAGIC_TELESCOPE,Heavy (ReLU),49,0.9318069019774156,0.8740799158780231,0.9081495685522532
MAGIC_TELESCOPE,Heavy (ReLU),50,0.9276860789141156,0.8680336487907466,0.9029764205643602
MAGIC_TELESCOPE,Heavy (ReLU),51,0.9346180291581629,0.8785488958990536,0.9099415204678363
MAGIC_TELESCOPE,ReLU,42,0.9267512340301973,0.8748685594111462,0.9080726149092314
MAGIC_TELESCOPE,ReLU,43,0.9255735927322644,0.8682965299684543,0.9023201403782414
MAGIC_TELESCOPE,ReLU,44,0.9304199754351457,0.8717139852786541,0.904276186739898
MAGIC_TELESCOPE,ReLU,45,0.9236077214162132,0.867770767613039,0.9027643533732843
MAGIC_TELESCOPE,ReLU,46,0.9351586595830387,0.8811777076761304,0.9123351435221102
MAGIC_TELESCOPE,ReLU,47,0.9341796118854045,0.8746056782334385,0.9078616959629129
MAGIC_TELESCOPE,ReLU,48,0.9252274442331492,0.8706624605678234,0.9044660194174757
MAGIC_TELESCOPE,ReLU,49,0.9256455526207016,0.8711882229232387,0.9063097514340345
MAGIC_TELESCOPE,ReLU,50,0.9240495249710644,0.8667192429022083,0.9027804410354746
MAGIC_TELESCOPE,ReLU,51,0.9288376245843405,0.870136698212408,0.9040776699029126
MAGIC_TELESCOPE,GELU,42,0.9264493805652342,0.870925341745531,0.9051207729468599
MAGIC_TELESCOPE,GELU,43,0.9267384248934065,0.8667192429022083,0.900957218206681
MAGIC_TELESCOPE,GELU,44,0.929871668783383,0.868559411146162,0.9022291748142355
MAGIC_TELESCOPE,GELU,45,0.9234171265912101,0.8622502628811777,0.8985675571041425
MAGIC_TELESCOPE,GELU,46,0.935186629272408,0.881440588853838,0.9126815101645692
MAGIC_TELESCOPE,GELU,47,0.933274051490515,0.8756572029442692,0.9084575188697503
MAGIC_TELESCOPE,GELU,48,0.9244628573153431,0.8682965299684543,0.9027373325567851
MAGIC_TELESCOPE,GELU,49,0.9267764701543795,0.8696109358569927,0.905307369224895
MAGIC_TELESCOPE,GELU,50,0.9246394619119782,0.867770767613039,0.9035104546326491
MAGIC_TELESCOPE,GELU,51,0.9285972285424582,0.870136698212408,0.9041521148622429
MAGIC_TELESCOPE,SiLU,42,0.9238851384049556,0.869348054679285,0.9041465766634522
MAGIC_TELESCOPE,SiLU,43,0.9246283305323895,0.863564668769716,0.8990861364962084
MAGIC_TELESCOPE,SiLU,44,0.9285010513936749,0.8703995793901157,0.9036168132942326
MAGIC_TELESCOPE,SiLU,45,0.9210907219284934,0.8617245005257623,0.8984555984555984
MAGIC_TELESCOPE,SiLU,46,0.9333731597388483,0.8785488958990536,0.9106728538283063
MAGIC_TELESCOPE,SiLU,47,0.931972573073945,0.8751314405888538,0.9084249084249084
MAGIC_TELESCOPE,SiLU,48,0.9215842615231369,0.8651419558359621,0.9007544979686594
MAGIC_TELESCOPE,SiLU,49,0.9243778801135218,0.869348054679285,0.9054234062797336
MAGIC_TELESCOPE,SiLU,50,0.9233609871014816,0.8656677181913774,0.9019758296566277
MAGIC_TELESCOPE,SiLU,51,0.9264058097123029,0.8698738170347003,0.9041997290497388
MAGIC_TELESCOPE,PReLU,42,0.9262458260743323,0.8738170347003155,0.9074787972243639
MAGIC_TELESCOPE,PReLU,43,0.9263161056518989,0.870136698212408,0.9035532994923858
MAGIC_TELESCOPE,PReLU,44,0.9298812201240778,0.8690851735015773,0.9026202581149785
MAGIC_TELESCOPE,PReLU,45,0.9240611014991447,0.8667192429022083,0.901839303000968
MAGIC_TELESCOPE,PReLU,46,0.9343893411162034,0.879863301787592,0.911382586775257
MAGIC_TELESCOPE,PReLU,47,0.9334407060588463,0.8740799158780231,0.9075824811885008
MAGIC_TELESCOPE,PReLU,48,0.9240982221014822,0.8690851735015773,0.9032634032634033
MAGIC_TELESCOPE,PReLU,49,0.9241719793669013,0.8696109358569927,0.905307369224895
MAGIC_TELESCOPE,PReLU,50,0.9245495075262848,0.8675078864353313,0.9032629558541266
MAGIC_TELESCOPE,PReLU,51,0.9289326930442283,0.8727655099894848,0.9059097978227061
MAGIC_TELESCOPE,Mish,42,0.9245444976771195,0.8706624605678234,0.905019305019305
MAGIC_TELESCOPE,Mish,43,0.9257411988039292,0.8654048370136698,0.8999218139171228
MAGIC_TELESCOPE,Mish,44,0.9288792247893108,0.869348054679285,0.9024533856722277
MAGIC_TELESCOPE,Mish,45,0.9217727553910244,0.8617245005257623,0.8984163769795288
MAGIC_TELESCOPE,Mish,46,0.9338863427351012,0.8780231335436383,0.9102167182662538
MAGIC_TELESCOPE,Mish,47,0.9323476214672861,0.8756572029442692,0.9087048832271762
MAGIC_TELESCOPE,Mish,48,0.9224534395846541,0.8669821240799159,0.9019379844961241
MAGIC_TELESCOPE,Mish,49,0.9256182016260013,0.869348054679285,0.9053513616454009
MAGIC_TELESCOPE,Mish,50,0.923898741397069,0.8648790746582544,0.9013056835637481
MAGIC_TELESCOPE,Mish,51,0.927312593270788,0.8711882229232387,0.904891304347826
MAGIC_TELESCOPE,Tanh,42,0.9067969959833528,0.8548895899053628,0.8935595834940223
MAGIC_TELESCOPE,Tanh,43,0.9081762026411473,0.8530494216614091,0.8908416324936536
MAGIC_TELESCOPE,Tanh,44,0.9119193269886563,0.8548895899053628,0.8912100906582577
MAGIC_TELESCOPE,Tanh,45,0.9031282923670246,0.8496319663512093,0.8884120171673819
MAGIC_TELESCOPE,Tanh,46,0.9176703072865602,0.863564668769716,0.8986921725551434
MAGIC_TELESCOPE,Tanh,47,0.9173710922377081,0.8614616193480547,0.8972108445484689
MAGIC_TELESCOPE,Tanh,48,0.9053668990914304,0.8554153522607781,0.8931208705790905
MAGIC_TELESCOPE,Tanh,49,0.9132057670647926,0.8577812828601472,0.896300555875024
MAGIC_TELESCOPE,Tanh,50,0.9064090603634886,0.8551524710830705,0.8935677033030712
MAGIC_TELESCOPE,Tanh,51,0.9111221923392382,0.8554153522607781,0.893945237177015
MAGIC_TELESCOPE,Sigmoid,42,0.8847784794812235,0.8322818086225027,0.8767864040169949
MAGIC_TELESCOPE,Sigmoid,43,0.8781452796212945,0.8222923238696109,0.8685847589424572
MAGIC_TELESCOPE,Sigmoid,44,0.8882078252343436,0.8301787592008412,0.8733829870638965
MAGIC_TELESCOPE,Sigmoid,45,0.8787324568186432,0.8233438485804416,0.86966640806827
MAGIC_TELESCOPE,Sigmoid,46,0.8891535368736272,0.8270241850683491,0.8723321691889794
MAGIC_TELESCOPE,Sigmoid,47,0.8975044158923732,0.8427970557308097,0.8833853354134166
MAGIC_TELESCOPE,Sigmoid,48,0.8833387666395002,0.8325446898002103,0.8768606224627875
MAGIC_TELESCOPE,Sigmoid,49,0.8926826869740118,0.8401682439537329,0.8841021730842546
MAGIC_TELESCOPE,Sigmoid,50,0.8831478877405673,0.831230283911672,0.8765384615384615
MAGIC_TELESCOPE,Sigmoid,51,0.8786095359720585,0.823869610935857,0.8707062910073331
MAGIC_TELESCOPE,PAU,42,0.8185797159310879,0.7791798107255521,0.8397558183899275
MAGIC_TELESCOPE,PAU,43,0.792948680402555,0.7628811777076762,0.8204617834394905
MAGIC_TELESCOPE,PAU,44,0.8586426947913852,0.7920609884332281,0.8472678123189805
MAGIC_TELESCOPE,PAU,45,0.8435796426603777,0.7899579390115667,0.8438538205980066
MAGIC_TELESCOPE,PAU,46,0.832382211885598,0.7765509989484752,0.8387096774193549
MAGIC_TELESCOPE,PAU,47,0.882138622725513,0.8130914826498423,0.8663282571912013
MAGIC_TELESCOPE,PAU,48,0.6600016601768842,0.7008412197686645,0.8009793634137811
MAGIC_TELESCOPE,PAU,49,0.8363015308874169,0.7883806519453207,0.847566748721833
MAGIC_TELESCOPE,PAU,50,0.833429962243429,0.7886435331230284,0.8422291993720565
MAGIC_TELESCOPE,PAU,51,0.6564380270206362,0.6598317560462671,0.7700781805259417
MAGIC_TELESCOPE,Hybrid (Specialist),42,0.9087495160665893,0.8590956887486856,0.896124031007752
MAGIC_TELESCOPE,Hybrid (Specialist),43,0.9069278678134767,0.8496319663512093,0.8885424785658612
MAGIC_TELESCOPE,Hybrid (Specialist),44,0.9098711613684085,0.8527865404837014,0.8903680501174628
MAGIC_TELESCOPE,Hybrid (Specialist),45,0.905191911771813,0.8493690851735016,0.8891468369123622
MAGIC_TELESCOPE,Hybrid (Specialist),46,0.9154953599197391,0.8643533123028391,0.89988358556461
MAGIC_TELESCOPE,Hybrid (Specialist),47,0.9181763876790552,0.8625131440588854,0.8988981248791803
MAGIC_TELESCOPE,Hybrid (Specialist),48,0.9042422047149024,0.8556782334384858,0.8935840279123861
MAGIC_TELESCOPE,Hybrid (Specialist),49,0.9117097598490471,0.8541009463722398,0.8941445737173374
MAGIC_TELESCOPE,Hybrid (Specialist),50,0.9071112506693486,0.8564668769716088,0.8946352759552296
MAGIC_TELESCOPE,Hybrid (Specialist),51,0.9114080032504935,0.8598843322818086,0.8973222885763822
MAGIC_TELESCOPE,Unbounded Hybrid,42,0.9268749395083236,0.8722397476340694,0.9055577147298873
MAGIC_TELESCOPE,Unbounded Hybrid,43,0.9272265250125028,0.870136698212408,0.9033268101761253
MAGIC_TELESCOPE,Unbounded Hybrid,44,0.9299630034787775,0.869348054679285,0.9023767432724416
MAGIC_TELESCOPE,Unbounded Hybrid,45,0.9235020032090007,0.8669821240799159,0.9015947102294827
MAGIC_TELESCOPE,Unbounded Hybrid,46,0.9367644845748683,0.8819663512092534,0.9128324597165599
MAGIC_TELESCOPE,Unbounded Hybrid,47,0.9342603682733256,0.8780231335436383,0.9099378881987578
MAGIC_TELESCOPE,Unbounded Hybrid,48,0.9260225180355579,0.8682965299684543,0.9024342745861733
MAGIC_TELESCOPE,Unbounded Hybrid,49,0.9268425427820264,0.8711882229232387,0.9060942889996167
MAGIC_TELESCOPE,Unbounded Hybrid,50,0.9277403852717517,0.868559411146162,0.9034376207029742
MAGIC_TELESCOPE,Unbounded Hybrid,51,0.9300523209571759,0.869348054679285,0.9034764031850845
PHONEME,Heavy (ReLU),42,0.9277937866947907,0.8593894542090657,0.7571884984025559
PHONEME,Heavy (ReLU),43,0.9010731397910291,0.8371877890841813,0.7006802721088435
PHONEME,Heavy (ReLU),44,0.9038542832276515,0.8316373728029602,0.7165109034267912
PHONEME,Heavy (ReLU),45,0.9107426376440462,0.8464384828862165,0.7242524916943521
PHONEME,Heavy (ReLU),46,0.9186548597933798,0.845513413506013,0.7284552845528456
PHONEME,Heavy (ReLU),47,0.9221481537593954,0.8547641073080481,0.751188589540412
PHONEME,Heavy (ReLU),48,0.9184707042617862,0.845513413506013,0.7518573551263001
PHONEME,Heavy (ReLU),49,0.9121041399914639,0.8482886216466234,0.7284768211920529
PHONEME,Heavy (ReLU),50,0.9200209269301356,0.849213691026827,0.7457098283931357
PHONEME,Heavy (ReLU),51,0.9303863817891374,0.8593894542090657,0.7602523659305994
PHONEME,ReLU,42,0.9047367940275206,0.8260869565217391,0.7142857142857143
PHONEME,ReLU,43,0.8768332090479741,0.8020351526364478,0.665625
PHONEME,ReLU,44,0.8858427618218742,0.8038852913968547,0.6882352941176471
PHONEME,ReLU,45,0.8840887750746905,0.8159111933395005,0.6875981161695447
PHONEME,ReLU,46,0.8870419565675733,0.81313598519889,0.672077922077922
PHONEME,ReLU,47,0.8892129384137566,0.8075855689176689,0.6719242902208202
PHONEME,ReLU,48,0.8941343853068616,0.8270120259019427,0.727802037845706
PHONEME,ReLU,49,0.89303457106274,0.8066604995374653,0.669826224328594
PHONEME,ReLU,50,0.8915079846203671,0.786308973172988,0.6657018813314037
PHONEME,ReLU,51,0.9119242545260916,0.8242368177613321,0.7129909365558912
PHONEME,GELU,42,0.9023866665559421,0.8233117483811286,0.7101669195751138
PHONEME,GELU,43,0.8745489298602003,0.793709528214616,0.6595419847328244
PHONEME,GELU,44,0.8853640847113431,0.7992599444958371,0.6736842105263158
PHONEME,GELU,45,0.8818822023047375,0.8011100832562442,0.6757164404223228
PHONEME,GELU,46,0.8922875816993465,0.8029602220166513,0.6718027734976888
PHONEME,GELU,47,0.8898231615450009,0.8094357076780758,0.6811145510835913
PHONEME,GELU,48,0.8922063959128241,0.818686401480111,0.7167630057803468
PHONEME,GELU,49,0.8919590268886044,0.8048103607770583,0.6758832565284179
PHONEME,GELU,50,0.8935010255856634,0.7955596669750231,0.6856330014224751
PHONEME,GELU,51,0.9139376996805112,0.8279370952821462,0.7198795180722891
PHONEME,SiLU,42,0.8891121832933342,0.8122109158186864,0.6910197869101978
PHONEME,SiLU,43,0.8567718377947491,0.7798334875115633,0.6349693251533742
PHONEME,SiLU,44,0.8764722947490572,0.7964847363552267,0.6666666666666666
PHONEME,SiLU,45,0.8672983354673495,0.7872340425531915,0.6536144578313253
PHONEME,SiLU,46,0.8839215686274509,0.8029602220166513,0.6767830045523521
PHONEME,SiLU,47,0.8762972502083175,0.790009250693802,0.6458658346333853
PHONEME,SiLU,48,0.8793612170988812,0.8112858464384829,0.7060518731988472
PHONEME,SiLU,49,0.8809560392658985,0.7927844588344126,0.6489028213166145
PHONEME,SiLU,50,0.8816839535289283,0.7816836262719704,0.6666666666666666
PHONEME,SiLU,51,0.9023645500532482,0.8066604995374653,0.6894502228826151
PHONEME,PReLU,42,0.890125312450693,0.8177613320999075,0.6992366412213741
PHONEME,PReLU,43,0.8644989585744042,0.790009250693802,0.648062015503876
PHONEME,PReLU,44,0.8763728293754403,0.7974098057354302,0.672645739910314
PHONEME,PReLU,45,0.8696073410157918,0.7927844588344126,0.6616314199395771
PHONEME,PReLU,46,0.8823107737718743,0.8020351526364478,0.664576802507837
PHONEME,PReLU,47,0.8738689829895041,0.7909343200740055,0.635483870967742
PHONEME,PReLU,48,0.884462103084783,0.8140610545790934,0.70995670995671
PHONEME,PReLU,49,0.8771148100725568,0.7909343200740055,0.6435331230283912
PHONEME,PReLU,50,0.882335844011327,0.7798334875115633,0.6530612244897959
PHONEME,PReLU,51,0.9009584664536742,0.8066604995374653,0.6866566716641679
PHONEME,Mish,42,0.8941072422126077,0.8140610545790934,0.6940639269406392
PHONEME,Mish,43,0.8633803903417419,0.790009250693802,0.6586466165413534
PHONEME,Mish,44,0.879655186704795,0.7955596669750231,0.6696562032884903
PHONEME,Mish,45,0.8713444302176697,0.788159111933395,0.6556390977443609
PHONEME,Mish,46,0.8877335020029516,0.8075855689176689,0.6838905775075987
PHONEME,Mish,47,0.8798323359341464,0.7964847363552267,0.6573208722741433
PHONEME,Mish,48,0.8809860635064347,0.8122109158186864,0.7070707070707071
PHONEME,Mish,49,0.8840546308151942,0.7992599444958371,0.6666666666666666
PHONEME,Mish,50,0.8874388593162208,0.7909343200740055,0.6816901408450704
PHONEME,Mish,51,0.9053805577742279,0.8122109158186864,0.6983655274888558
PHONEME,Tanh,42,0.855857464353632,0.7872340425531915,0.6360759493670886
PHONEME,Tanh,43,0.8391790309170546,0.786308973172988,0.6206896551724138
PHONEME,Tanh,44,0.8489079530854988,0.7872340425531915,0.640625
PHONEME,Tanh,45,0.8426333760136577,0.7770582793709528,0.622848200312989
PHONEME,Tanh,46,0.8567235926628716,0.7909343200740055,0.646875
PHONEME,Tanh,47,0.8491780925687449,0.7816836262719704,0.6242038216560509
PHONEME,Tanh,48,0.8439904934359439,0.782608695652174,0.648729446935725
PHONEME,Tanh,49,0.8530431071276141,0.7872340425531915,0.6314102564102564
PHONEME,Tanh,50,0.8447213479600395,0.7715078630897317,0.6318926974664679
PHONEME,Tanh,51,0.869442225772098,0.8057354301572618,0.6808510638297872
PHONEME,Sigmoid,42,0.8221252460159941,0.7668825161887142,0.5516014234875445
PHONEME,Sigmoid,43,0.8072334079045488,0.7622571692876966,0.5483304042179262
PHONEME,Sigmoid,44,0.8175390608810974,0.7585568917668826,0.5598650927487352
PHONEME,Sigmoid,45,0.8054417413572342,0.7668825161887142,0.5684931506849316
PHONEME,Sigmoid,46,0.8182458359687962,0.7493061979648473,0.49534450651769085
PHONEME,Sigmoid,47,0.8053261958269156,0.7474560592044404,0.5063291139240507
PHONEME,Sigmoid,48,0.8118250016167626,0.7585568917668826,0.5628140703517588
PHONEME,Sigmoid,49,0.8142466922748612,0.7742830712303422,0.5704225352112676
PHONEME,Sigmoid,50,0.7992509487705429,0.7483811285846439,0.5466666666666666
PHONEME,Sigmoid,51,0.8264152356230031,0.7872340425531915,0.6179401993355482
PHONEME,PAU,42,0.8553758127870188,0.7918593894542091,0.6636771300448431
PHONEME,PAU,43,0.8629003917131666,0.8066604995374653,0.6634460547504025
PHONEME,PAU,44,0.8740271043143106,0.7974098057354302,0.674591381872214
PHONEME,PAU,45,0.868446436192915,0.8112858464384829,0.68125
PHONEME,PAU,46,0.892224330592452,0.8214616096207216,0.694136291600634
PHONEME,PAU,47,0.8713397133213814,0.8066604995374653,0.669826224328594
PHONEME,PAU,48,0.8845348574015391,0.8288621646623496,0.7218045112781954
PHONEME,PAU,49,0.8796500213401621,0.8140610545790934,0.6752827140549273
PHONEME,PAU,50,0.8780300450925518,0.7918593894542091,0.6734397677793904
PHONEME,PAU,51,0.898092219116081,0.81313598519889,0.6920731707317073
PHONEME,Hybrid (Specialist),42,0.8956809141414561,0.8223866790009251,0.6952380952380952
PHONEME,Hybrid (Specialist),43,0.8809089116888236,0.7927844588344126,0.6636636636636637
PHONEME,Hybrid (Specialist),44,0.8778855319325294,0.7992599444958371,0.676602086438152
PHONEME,Hybrid (Specialist),45,0.8853094323516858,0.8159111933395005,0.6943164362519201
PHONEME,Hybrid (Specialist),46,0.8970862323423994,0.8149861239592969,0.6960486322188449
PHONEME,Hybrid (Specialist),47,0.8968428317720039,0.818686401480111,0.7012195121951219
PHONEME,Hybrid (Specialist),48,0.8841064153139753,0.7974098057354302,0.6802919708029197
PHONEME,Hybrid (Specialist),49,0.8717968416559967,0.790009250693802,0.6332794830371568
PHONEME,Hybrid (Specialist),50,0.8833448210000083,0.7955596669750231,0.6820143884892086
PHONEME,Hybrid (Specialist),51,0.9020234291799786,0.8103607770582794,0.6917293233082706
PHONEME,Unbounded Hybrid,42,0.9065886612577749,0.8427382053654024,0.7258064516129032
PHONEME,Unbounded Hybrid,43,0.8786246325010499,0.8038852913968547,0.6535947712418301
PHONEME,Unbounded Hybrid,44,0.8930581457996603,0.8177613320999075,0.7072808320950966
PHONEME,Unbounded Hybrid,45,0.8835510029876227,0.820536540240518,0.6930379746835443
PHONEME,Unbounded Hybrid,46,0.9002740881298755,0.8214616096207216,0.6970172684458399
PHONEME,Unbounded Hybrid,47,0.9008492622612765,0.8196114708603145,0.7031963470319634
PHONEME,Unbounded Hybrid,48,0.8911757097587789,0.8159111933395005,0.7111756168359942
PHONEME,Unbounded Hybrid,49,0.8852027315407597,0.7946345975948196,0.65527950310559
PHONEME,Unbounded Hybrid,50,0.897192303540139,0.7974098057354302,0.6812227074235808
PHONEME,Unbounded Hybrid,51,0.913492578541001,0.8270120259019427,0.723781388478582
EEG_EYE_STATE,Heavy (ReLU),42,0.87623666299983,0.7873831775700935,0.7634608243594504
EEG_EYE_STATE,Heavy (ReLU),43,0.7250748071238012,0.6625500667556742,0.5215333648840511
EEG_EYE_STATE,Heavy (ReLU),44,0.8839276246142455,0.794392523364486,0.7559429477020603
EEG_EYE_STATE,Heavy (ReLU),45,0.8570822303155247,0.7643524699599465,0.736370425690814
EEG_EYE_STATE,Heavy (ReLU),46,0.943376535936711,0.8628170894526035,0.8442591890867753
EEG_EYE_STATE,Heavy (ReLU),47,0.8920795643760407,0.8007343124165555,0.7692307692307693
EEG_EYE_STATE,Heavy (ReLU),48,0.9351249854355445,0.8551401869158879,0.8372093023255814
EEG_EYE_STATE,Heavy (ReLU),49,0.864746614253887,0.7890520694259012,0.7498020585906572
EEG_EYE_STATE,Heavy (ReLU),50,0.8951853053572716,0.8174232309746329,0.7979312892500924
EEG_EYE_STATE,Heavy (ReLU),51,0.9170459161108052,0.8281041388518025,0.8100331980818886
EEG_EYE_STATE,ReLU,42,0.827438669922102,0.7416555407209613,0.7006960556844548
EEG_EYE_STATE,ReLU,43,0.8192461605018386,0.7349799732977303,0.7012791572610986
EEG_EYE_STATE,ReLU,44,0.8485837840169524,0.7596795727636849,0.7117694155324259
EEG_EYE_STATE,ReLU,45,0.8139591146063286,0.7283044058744993,0.6756972111553785
EEG_EYE_STATE,ReLU,46,0.8982124221511529,0.8147530040053405,0.7822675559042762
EEG_EYE_STATE,ReLU,47,0.6229127852031862,0.5881174899866488,0.5083665338645418
EEG_EYE_STATE,ReLU,48,0.8935212820305988,0.8097463284379173,0.7912087912087912
EEG_EYE_STATE,ReLU,49,0.8177723844738,0.7383177570093458,0.6956521739130435
EEG_EYE_STATE,ReLU,50,0.8799836866392674,0.7970627503337784,0.7743132887899035
EEG_EYE_STATE,ReLU,51,0.8719511864896334,0.7763684913217623,0.7511144130757801
EEG_EYE_STATE,GELU,42,0.8183628021786375,0.7286381842456608,0.6644655385885266
EEG_EYE_STATE,GELU,43,0.8106446932006635,0.7336448598130841,0.6906976744186046
EEG_EYE_STATE,GELU,44,0.8400531474162303,0.7536715620827771,0.7123928293063133
EEG_EYE_STATE,GELU,45,0.7912399511999091,0.7086114819759679,0.6245161290322581
EEG_EYE_STATE,GELU,46,0.8911361723615553,0.8024032042723631,0.7705426356589147
EEG_EYE_STATE,GELU,47,0.6153512443184376,0.585113484646195,0.5536804308797127
EEG_EYE_STATE,GELU,48,0.8868364209979117,0.7953938584779706,0.770153730783652
EEG_EYE_STATE,GELU,49,0.800850440784961,0.722630173564753,0.6679984019176988
EEG_EYE_STATE,GELU,50,0.8663665368808132,0.7867156208277704,0.7593220338983051
EEG_EYE_STATE,GELU,51,0.8649640307250719,0.7767022696929239,0.7495320104829651
EEG_EYE_STATE,SiLU,42,0.7789872376199547,0.6905874499332443,0.5837449483610238
EEG_EYE_STATE,SiLU,43,0.786153922416901,0.709279038718291,0.6606934164394235
EEG_EYE_STATE,SiLU,44,0.8108917155094477,0.7232977303070761,0.6603850880786563
EEG_EYE_STATE,SiLU,45,0.7512051351823786,0.6742323097463284,0.5631154879140555
EEG_EYE_STATE,SiLU,46,0.8734112102339673,0.7823765020026703,0.7420886075949367
EEG_EYE_STATE,SiLU,47,0.6078421313172224,0.578437917222964,0.5557509672880759
EEG_EYE_STATE,SiLU,48,0.8687702221863712,0.7780373831775701,0.743342338865303
EEG_EYE_STATE,SiLU,49,0.7465911785093123,0.664886515353805,0.5898692810457516
EEG_EYE_STATE,SiLU,50,0.8434471663422021,0.763351134846462,0.7378927911275416
EEG_EYE_STATE,SiLU,51,0.838298477285651,0.7526702269692924,0.7333573227779777
EEG_EYE_STATE,PReLU,42,0.842123903302836,0.7476635514018691,0.7032967032967034
EEG_EYE_STATE,PReLU,43,0.8260017845554836,0.7463284379172229,0.7212032281731474
EEG_EYE_STATE,PReLU,44,0.852323154983042,0.7663551401869159,0.7233201581027668
EEG_EYE_STATE,PReLU,45,0.8205781224939946,0.7339786381842457,0.6825965750696934
EEG_EYE_STATE,PReLU,46,0.9072640969533747,0.8227636849132176,0.7937864077669903
EEG_EYE_STATE,PReLU,47,0.606927230997705,0.5767690253671562,0.5167682926829268
EEG_EYE_STATE,PReLU,48,0.904049366782286,0.8234312416555407,0.8061561011359473
EEG_EYE_STATE,PReLU,49,0.8246438700032759,0.7496662216288384,0.7040252565114443
EEG_EYE_STATE,PReLU,50,0.8878627694859038,0.8067423230974633,0.7887632251003284
EEG_EYE_STATE,PReLU,51,0.875556237532607,0.787716955941255,0.7585421412300684
EEG_EYE_STATE,Mish,42,0.792053249622137,0.695260347129506,0.6056155507559395
EEG_EYE_STATE,Mish,43,0.7989333225178455,0.722630173564753,0.657319587628866
EEG_EYE_STATE,Mish,44,0.8213073150040351,0.7383177570093458,0.6903633491311216
EEG_EYE_STATE,Mish,45,0.77017238614063,0.6882510013351135,0.5859929078014184
EEG_EYE_STATE,Mish,46,0.8868051394265836,0.7963951935914553,0.7550200803212851
EEG_EYE_STATE,Mish,47,0.6114648305656811,0.582109479305741,0.5450581395348837
EEG_EYE_STATE,Mish,48,0.8819683077447051,0.7910547396528705,0.7605202754399388
EEG_EYE_STATE,Mish,49,0.7767674381987087,0.6902536715620827,0.6206050695012265
EEG_EYE_STATE,Mish,50,0.8477760653255462,0.7696929238985314,0.7417664670658682
EEG_EYE_STATE,Mish,51,0.848659388567457,0.7680240320427236,0.7407683700111899
EEG_EYE_STATE,Tanh,42,0.7696397109459544,0.6792389853137517,0.6023996690111709
EEG_EYE_STATE,Tanh,43,0.8095766637825366,0.7176234979973297,0.6381522668947819
EEG_EYE_STATE,Tanh,44,0.7943247114816032,0.7109479305740988,0.6773472429210134
EEG_EYE_STATE,Tanh,45,0.7626928892068544,0.6795727636849133,0.6006655574043261
EEG_EYE_STATE,Tanh,46,0.8691412220164957,0.7693591455273698,0.6919304502897905
EEG_EYE_STATE,Tanh,47,0.8243724404842268,0.7399866488651535,0.6867712102935264
EEG_EYE_STATE,Tanh,48,0.884238570263415,0.794392523364486,0.7429048414023373
EEG_EYE_STATE,Tanh,49,0.7778221186997433,0.6899198931909212,0.5798281320669381
EEG_EYE_STATE,Tanh,50,0.8259136833946211,0.7563417890520694,0.721161191749427
EEG_EYE_STATE,Tanh,51,0.8365054292393649,0.7566755674232309,0.7188584650983417
EEG_EYE_STATE,Sigmoid,42,0.6103782654968564,0.5767690253671562,0.41566820276497696
EEG_EYE_STATE,Sigmoid,43,0.6291152930997188,0.5907877169559412,0.4313543599257885
EEG_EYE_STATE,Sigmoid,44,0.6349779466081451,0.5907877169559412,0.4536541889483066
EEG_EYE_STATE,Sigmoid,45,0.6239365526736431,0.5897863818424566,0.42810609585853887
EEG_EYE_STATE,Sigmoid,46,0.6901899792403074,0.6318424566088118,0.5202261852979556
EEG_EYE_STATE,Sigmoid,47,0.6392363079969399,0.5974632843791722,0.4765625
EEG_EYE_STATE,Sigmoid,48,0.6814834234088892,0.6285046728971962,0.5208781747739991
EEG_EYE_STATE,Sigmoid,49,0.6108753802912745,0.5841121495327103,0.3969022265246854
EEG_EYE_STATE,Sigmoid,50,0.6943673840940227,0.640520694259012,0.5717693836978132
EEG_EYE_STATE,Sigmoid,51,0.7024113404760401,0.6451935914552737,0.5715437323659814
EEG_EYE_STATE,PAU,42,0.5595494262742258,0.5293724966622163,0.0
EEG_EYE_STATE,PAU,43,0.5223076195111399,0.5527369826435247,0.0
EEG_EYE_STATE,PAU,44,0.45867752441240384,0.5453938584779706,0.0
EEG_EYE_STATE,PAU,45,0.5508287725912164,0.5520694259012016,0.0
EEG_EYE_STATE,PAU,46,0.5,0.5423898531375166,0.0
EEG_EYE_STATE,PAU,47,0.5276236443004365,0.5490654205607477,0.0
EEG_EYE_STATE,PAU,48,0.5,0.5373831775700935,0.0
EEG_EYE_STATE,PAU,49,0.538971598282106,0.5614152202937249,0.0
EEG_EYE_STATE,PAU,50,0.5,0.5527369826435247,0.0
EEG_EYE_STATE,PAU,51,0.5,0.5560747663551402,0.0
EEG_EYE_STATE,Hybrid (Specialist),42,0.4988742364483557,0.5293724966622163,0.04341926729986431
EEG_EYE_STATE,Hybrid (Specialist),43,0.4958355865599538,0.5500667556742324,0.037142857142857144
EEG_EYE_STATE,Hybrid (Specialist),44,0.49494362635407285,0.544392523364486,0.03805496828752643
EEG_EYE_STATE,Hybrid (Specialist),45,0.5143086713868921,0.5487316421895861,0.18944844124700239
EEG_EYE_STATE,Hybrid (Specialist),46,0.5119968579924816,0.5403871829105474,0.017130620985010708
EEG_EYE_STATE,Hybrid (Specialist),47,0.4878059043247379,0.5353805073431241,0.13861386138613863
EEG_EYE_STATE,Hybrid (Specialist),48,0.47857165263997564,0.5196929238985314,0.12522796352583587
EEG_EYE_STATE,Hybrid (Specialist),49,0.5145825075967763,0.5557409879839786,0.25350532809871
EEG_EYE_STATE,Hybrid (Specialist),50,0.5050931934530247,0.548064085447263,0.2044653349001175
EEG_EYE_STATE,Hybrid (Specialist),51,0.49520845932357904,0.510347129506008,0.3406741573033708
EEG_EYE_STATE,Unbounded Hybrid,42,0.6403497357194601,0.5744325767690254,0.3278861360042172
EEG_EYE_STATE,Unbounded Hybrid,43,0.6489804149542144,0.5864485981308412,0.21133036282622533
EEG_EYE_STATE,Unbounded Hybrid,44,0.670499724107934,0.6048064085447263,0.3035294117647059
EEG_EYE_STATE,Unbounded Hybrid,45,0.6535963936949128,0.5984646194926568,0.3486735246345425
EEG_EYE_STATE,Unbounded Hybrid,46,0.7419765471581664,0.6078104138851802,0.26516572858036275
EEG_EYE_STATE,Unbounded Hybrid,47,0.5886519508572972,0.5507343124165555,0.13938618925831203
EEG_EYE_STATE,Unbounded Hybrid,48,0.739154186048596,0.6451935914552737,0.4354753053637812
EEG_EYE_STATE,Unbounded Hybrid,49,0.6134831242070666,0.571762349799733,0.521089958939903
EEG_EYE_STATE,Unbounded Hybrid,50,0.7235259391448555,0.6608811748998665,0.5539947322212467
EEG_EYE_STATE,Unbounded Hybrid,51,0.6969261388766034,0.6478638184245661,0.5854616895874263
WILT,Heavy (ReLU),42,0.9971988795518207,0.9834710743801653,0.8260869565217391
WILT,Heavy (ReLU),43,0.9964170258620689,0.9896694214876033,0.868421052631579
WILT,Heavy (ReLU),44,0.9971240942028985,0.9907024793388429,0.9052631578947369
WILT,Heavy (ReLU),45,0.9978260869565218,0.9907024793388429,0.9010989010989011
WILT,Heavy (ReLU),46,0.9979584809130264,0.987603305785124,0.8604651162790697
WILT,Heavy (ReLU),47,0.9939912005028284,0.9927685950413223,0.9176470588235294
WILT,Heavy (ReLU),48,0.997469589892819,0.9907024793388429,0.9230769230769231
WILT,Heavy (ReLU),49,0.9985813544840484,0.9917355371900827,0.9384615384615385
WILT,Heavy (ReLU),50,0.9957782672540382,0.9834710743801653,0.8666666666666667
WILT,Heavy (ReLU),51,0.9908393906203325,0.9834710743801653,0.8461538461538461
WILT,ReLU,42,0.991874612440396,0.96900826446281,0.5945945945945946
WILT,ReLU,43,0.9953933189655172,0.9783057851239669,0.6440677966101694
WILT,ReLU,44,0.995108695652174,0.987603305785124,0.8666666666666667
WILT,ReLU,45,0.9955163043478261,0.9741735537190083,0.6575342465753424
WILT,ReLU,46,0.9911452184179457,0.9648760330578512,0.37037037037037035
WILT,ReLU,47,0.9931615336266499,0.9679752066115702,0.45614035087719296
WILT,ReLU,48,0.9951560720805394,0.9380165289256198,0.03225806451612903
WILT,ReLU,49,0.9952604342989796,0.9638429752066116,0.6601941747572816
WILT,ReLU,50,0.9939060205580029,0.9607438016528925,0.5581395348837209
WILT,ReLU,51,0.9894453848451659,0.9762396694214877,0.7526881720430108
WILT,GELU,42,0.9924091774114225,0.9772727272727273,0.7380952380952381
WILT,GELU,43,0.9946390086206897,0.9855371900826446,0.7878787878787878
WILT,GELU,44,0.9957653985507247,0.984504132231405,0.845360824742268
WILT,GELU,45,0.9940896739130435,0.9793388429752066,0.7560975609756098
WILT,GELU,46,0.9934573002754821,0.9762396694214877,0.6666666666666666
WILT,GELU,47,0.9919547454431176,0.9824380165289256,0.7848101265822784
WILT,GELU,48,0.9932401901422452,0.9752066115702479,0.76
WILT,GELU,49,0.9947445632022699,0.9783057851239669,0.8292682926829268
WILT,GELU,50,0.9933002936857562,0.9741735537190083,0.7663551401869159
WILT,GELU,51,0.9878124066513989,0.9772727272727273,0.7755102040816326
WILT,SiLU,42,0.9932644813650651,0.9783057851239669,0.7529411764705882
WILT,SiLU,43,0.9969288793103448,0.9886363636363636,0.8405797101449275
WILT,SiLU,44,0.9953577898550725,0.984504132231405,0.845360824742268
WILT,SiLU,45,0.9939990942028986,0.9824380165289256,0.8089887640449438
WILT,SiLU,46,0.993801652892562,0.9803719008264463,0.7532467532467533
WILT,SiLU,47,0.9916279069767442,0.987603305785124,0.8604651162790697
WILT,SiLU,48,0.9942162054693007,0.9824380165289256,0.8411214953271028
WILT,SiLU,49,0.9944382647385985,0.9793388429752066,0.8412698412698413
WILT,SiLU,50,0.9939794419970631,0.9772727272727273,0.8070175438596491
WILT,SiLU,51,0.9892263267947825,0.9772727272727273,0.78
WILT,PReLU,42,0.9915752560566211,0.9700413223140496,0.6133333333333333
WILT,PReLU,43,0.9958512931034482,0.981404958677686,0.7096774193548387
WILT,PReLU,44,0.9949275362318841,0.9865702479338843,0.8539325842696629
WILT,PReLU,45,0.995403079710145,0.9762396694214877,0.6933333333333334
WILT,PReLU,46,0.9910960251869343,0.96900826446281,0.5
WILT,PReLU,47,0.992784412319296,0.9824380165289256,0.7733333333333333
WILT,PReLU,48,0.9949211054277296,0.96900826446281,0.6808510638297872
WILT,PReLU,49,0.9950508616659413,0.9710743801652892,0.75
WILT,PReLU,50,0.9933002936857562,0.9700413223140496,0.7070707070707071
WILT,PReLU,51,0.9901623021009658,0.9752066115702479,0.7446808510638298
WILT,Mish,42,0.9936279855453631,0.9783057851239669,0.7529411764705882
WILT,Mish,43,0.99765625,0.9896694214876033,0.8611111111111112
WILT,Mish,44,0.9956295289855073,0.984504132231405,0.845360824742268
WILT,Mish,45,0.9947463768115942,0.9824380165289256,0.8089887640449438
WILT,Mish,46,0.994810114128296,0.9793388429752066,0.7435897435897436
WILT,Mish,47,0.9921307353865494,0.987603305785124,0.8604651162790697
WILT,Mish,48,0.9949391797856381,0.9834710743801653,0.8518518518518519
WILT,Mish,49,0.9949863777788523,0.981404958677686,0.8571428571428571
WILT,Mish,50,0.9941629955947137,0.9772727272727273,0.8070175438596491
WILT,Mish,51,0.9891665836901324,0.9793388429752066,0.803921568627451
WILT,Tanh,42,0.9906771869052965,0.9824380165289256,0.8247422680412371
WILT,Tanh,43,0.9912984913793104,0.9917355371900827,0.9
WILT,Tanh,44,0.9910778985507246,0.9896694214876033,0.8979591836734694
WILT,Tanh,45,0.9951766304347827,0.984504132231405,0.845360824742268
WILT,Tanh,46,0.9963597009051555,0.984504132231405,0.8235294117647058
WILT,Tanh,47,0.9898177247014457,0.9896694214876033,0.8863636363636364
WILT,Tanh,48,0.9905651851717968,0.9865702479338843,0.8925619834710744
WILT,Tanh,49,0.9952281923554352,0.984504132231405,0.8837209302325582
WILT,Tanh,50,0.9947136563876652,0.981404958677686,0.8548387096774194
WILT,Tanh,51,0.9906203325699492,0.9803719008264463,0.819047619047619
WILT,Sigmoid,42,0.9862296063463554,0.9473140495867769,0.0
WILT,Sigmoid,43,0.9924568965517241,0.9586776859504132,0.0
WILT,Sigmoid,44,0.9912817028985508,0.9504132231404959,0.0
WILT,Sigmoid,45,0.9871150362318841,0.9504132231404959,0.0
WILT,Sigmoid,46,0.9872589531680441,0.9545454545454546,0.0
WILT,Sigmoid,47,0.9885606536769328,0.9555785123966942,0.0
WILT,Sigmoid,48,0.9923726209626403,0.9369834710743802,0.0
WILT,Sigmoid,49,0.9911012235817577,0.9287190082644629,0.0
WILT,Sigmoid,50,0.9905837004405286,0.9380165289256198,0.0
WILT,Sigmoid,51,0.9858807129343821,0.9431818181818182,0.0
WILT,PAU,42,0.5293796908076207,0.9473140495867769,0.0
WILT,PAU,43,0.5868265086206896,0.9576446280991735,0.0
WILT,PAU,44,0.6960144927536233,0.9504132231404959,0.0
WILT,PAU,45,0.6601449275362318,0.9504132231404959,0.0
WILT,PAU,46,0.5079816017316017,0.9493801652892562,0.0
WILT,PAU,47,0.4139912005028284,0.9514462809917356,0.0
WILT,PAU,48,0.6556654074863991,0.9338842975206612,0.0
WILT,PAU,49,0.5557785623317373,0.9266528925619835,0.0
WILT,PAU,50,0.6533223201174744,0.9369834710743802,0.0
WILT,PAU,51,0.5793288857910983,0.9400826446280992,0.0
WILT,Hybrid (Specialist),42,0.5249428015481001,0.9473140495867769,0.0
WILT,Hybrid (Specialist),43,0.4638469827586207,0.9586776859504132,0.0
WILT,Hybrid (Specialist),44,0.5155117753623188,0.9504132231404959,0.0
WILT,Hybrid (Specialist),45,0.4966259057971014,0.9504132231404959,0.0
WILT,Hybrid (Specialist),46,0.5008854781582055,0.9545454545454546,0.0
WILT,Hybrid (Specialist),47,0.5850408548082966,0.9555785123966942,0.0
WILT,Hybrid (Specialist),48,0.48885715834944965,0.9369834710743802,0.0
WILT,Hybrid (Specialist),49,0.5889313407812222,0.9287190082644629,0.0
WILT,Hybrid (Specialist),50,0.4390051395007342,0.9380165289256198,0.0
WILT,Hybrid (Specialist),51,0.42745195658667723,0.9431818181818182,0.0
WILT,Unbounded Hybrid,42,0.9908054824983428,0.9721074380165289,0.6493506493506493
WILT,Unbounded Hybrid,43,0.9939924568965518,0.9783057851239669,0.6440677966101694
WILT,Unbounded Hybrid,44,0.9933650362318841,0.9855371900826446,0.8444444444444444
WILT,Unbounded Hybrid,45,0.9940443840579709,0.96900826446281,0.5588235294117647
WILT,Unbounded Hybrid,46,0.9953266430539158,0.9721074380165289,0.5573770491803278
WILT,Unbounded Hybrid,47,0.9919044626021369,0.9907024793388429,0.891566265060241
WILT,Unbounded Hybrid,48,0.9942342798272091,0.9700413223140496,0.6881720430107527
WILT,Unbounded Hybrid,49,0.9916170946784673,0.9555785123966942,0.5473684210526316
WILT,Unbounded Hybrid,50,0.9943465491923641,0.9617768595041323,0.5747126436781609
WILT,Unbounded Hybrid,51,0.9868366026087823,0.9721074380165289,0.6823529411764706
